7.467591203749179840e-03,-2.033506706357002258e-02,-1.228563934564590454e-01
1.175020448863506317e-02,-2.835958078503608704e-02,-2.273033410310745239e-01
1.783365011215209961e-02,-3.304349631071090698e-02,-3.311281800270080566e-01
2.530101686716079712e-02,-3.598920255899429321e-02,-4.342523217201232910e-01
3.382699191570281982e-02,-3.803804889321327209e-02,-5.365374088287353516e-01
7.250238209962844849e-03,-1.527798082679510117e-02,-5.054544806480407715e-01
-1.422400772571563721e-02,2.741916850209236145e-02,-6.541494131088256836e-01
-3.083779476583003998e-02,-3.437424823641777039e-02,-7.124421596527099609e-01
-5.503504350781440735e-02,-1.009065434336662292e-01,-5.504434704780578613e-01
-7.298589497804641724e-02,-1.547058522701263428e-01,-4.537531435489654541e-01
-8.042119443416595459e-02,-2.093366831541061401e-01,-3.892503082752227783e-01
-3.715290129184722900e-02,-2.508458495140075684e-01,-2.101100832223892212e-01
-4.702676553279161453e-03,-2.571758329868316650e-01,-9.881815314292907715e-02
1.755009964108467102e-02,-2.716584205627441406e-01,-8.063598722219467163e-02
3.568824753165245056e-02,-2.919802069664001465e-01,-1.082728654146194458e-01
4.074874147772789001e-02,-2.861065864562988281e-01,-6.581124663352966309e-02
3.853471949696540833e-02,-2.693961262702941895e-01,-5.757453665137290955e-02
3.374837338924407959e-02,-2.491320073604583740e-01,-4.155626520514488220e-02
1.777358725666999817e-02,-2.083568871021270752e-01,-1.715351454913616180e-02
6.174023263156414032e-03,-1.840608716011047363e-01,2.222950011491775513e-02
-6.630271673202514648e-03,-1.602805256843566895e-01,5.985869839787483215e-02
-1.469221152365207672e-02,-1.417513340711593628e-01,1.318688541650772095e-01
-2.854996733367443085e-02,-1.206241771578788757e-01,1.651123464107513428e-01
-4.093150421977043152e-02,-1.159953251481056213e-01,2.121323794126510620e-01
-5.455315113067626953e-02,-9.430033713579177856e-02,2.561636567115783691e-01
-6.461947411298751831e-02,-7.678578048944473267e-02,3.025281131267547607e-01
-7.404582202434539795e-02,-5.996649712324142456e-02,3.302583694458007812e-01
-7.963261753320693970e-02,-4.279808327555656433e-02,3.447835147380828857e-01
-8.689332753419876099e-02,-2.552690543234348297e-02,3.383986651897430420e-01
-8.987629413604736328e-02,-1.262631546705961227e-02,3.126782476902008057e-01
-9.475173056125640869e-02,1.143369916826486588e-02,2.693685293197631836e-01
-1.057638153433799744e-01,2.244077250361442566e-02,2.031999379396438599e-01
-1.078412979841232300e-01,3.170093521475791931e-02,1.104018837213516235e-01
-1.137304231524467468e-01,4.501538351178169250e-02,6.987067312002182007e-02
-1.227773427963256836e-01,5.882047116756439209e-02,1.904586143791675568e-02
-1.299531757831573486e-01,7.883172482252120972e-02,6.042336672544479370e-02
-1.255067884922027588e-01,1.018763631582260132e-01,7.931499183177947998e-02
-1.199670881032943726e-01,1.330325156450271606e-01,7.564672827720642090e-02
-1.077861338853836060e-01,1.574110090732574463e-01,9.510919451713562012e-02
-9.478159993886947632e-02,1.875839978456497192e-01,9.617369621992111206e-02
-8.265894651412963867e-02,2.212727963924407959e-01,8.386214077472686768e-02
-7.189558446407318115e-02,2.577166557312011719e-01,8.968799561262130737e-02
-6.446143984794616699e-02,2.927131354808807373e-01,6.804748624563217163e-02
-6.230834126472473145e-02,3.201710283756256104e-01,6.003556773066520691e-02
-6.582717597484588623e-02,3.385154008865356445e-01,3.657718747854232788e-02
-6.796135008335113525e-02,3.583455681800842285e-01,2.372418530285358429e-02
-6.791817396879196167e-02,3.757215142250061035e-01,-1.907905098050832748e-03
-6.999105215072631836e-02,3.977265357971191406e-01,-5.615994334220886230e-03
-7.099933922290802002e-02,4.216434359550476074e-01,-9.167532436549663544e-03
-7.554449141025543213e-02,4.328807890415191650e-01,-4.166910424828529358e-02
-7.699432969093322754e-02,4.433275163173675537e-01,-6.993123143911361694e-02
-7.650617510080337524e-02,4.632352888584136963e-01,-7.697468996047973633e-02
-7.634180784225463867e-02,4.823714792728424072e-01,-9.794674813747406006e-02
-7.402890175580978394e-02,4.944290220737457275e-01,-1.258949190378189087e-01
-7.068576663732528687e-02,5.140548348426818848e-01,-1.628936380147933960e-01
-7.042170315980911255e-02,5.238961577415466309e-01,-2.160334587097167969e-01
-6.903614103794097900e-02,5.441617965698242188e-01,-2.650139033794403076e-01
-6.859689205884933472e-02,5.557588934898376465e-01,-3.226404786109924316e-01
-6.933020055294036865e-02,5.690708756446838379e-01,-3.858887255191802979e-01
-6.312542408704757690e-02,5.963961482048034668e-01,-4.547241032123565674e-01
-5.051261931657791138e-02,5.319519042968750000e-01,-2.109560591634362936e-05
-3.014691360294818878e-02,4.134196341037750244e-01,1.699495762586593628e-01
-2.850656025111675262e-02,3.822329640388488770e-01,2.156582772731781006e-01
-2.496612630784511566e-02,3.448253870010375977e-01,1.599104702472686768e-01
-1.980581134557723999e-02,3.036285638809204102e-01,1.601743847131729126e-01
-1.349745318293571472e-02,2.708941698074340820e-01,1.698238700628280640e-01
-7.190713658928871155e-04,2.406224906444549561e-01,1.886892467737197876e-01
1.275559980422258377e-02,2.081442922353744507e-01,1.808345615863800049e-01
2.542150393128395081e-02,1.781782656908035278e-01,1.677971631288528442e-01
3.319202736020088196e-02,1.551792323589324951e-01,1.616133749485015869e-01
2.859854139387607574e-02,1.352682709693908691e-01,1.143851503729820251e-01
2.418414875864982605e-02,1.200900822877883911e-01,9.300185739994049072e-02
1.789723150432109833e-02,1.076940670609474182e-01,7.395611703395843506e-02
8.372033014893531799e-03,8.979497104883193970e-02,3.778167441487312317e-02
-4.504755139350891113e-03,7.290383428335189819e-02,1.370768435299396515e-02
-1.484856009483337402e-02,5.588734894990921021e-02,3.028874751180410385e-03
-2.256762981414794922e-02,4.292271286249160767e-02,-1.328334119170904160e-02
-2.290551178157329559e-02,2.217149734497070312e-02,-8.563176728785037994e-03
-2.319796197116374969e-02,1.749175717122852802e-03,-2.232108963653445244e-03
-1.916845515370368958e-02,-3.132276982069015503e-02,1.304755173623561859e-02
-1.440906804054975510e-02,-5.196604877710342407e-02,2.829206362366676331e-02
-1.118185557425022125e-02,-8.236747235059738159e-02,2.509577386081218719e-02
-4.563431721180677414e-03,-1.120260059833526611e-01,2.670881152153015137e-02
-3.226213390007615089e-03,-1.304123848676681519e-01,2.099518291652202606e-02
1.876683556474745274e-03,-1.546847671270370483e-01,3.233438357710838318e-02
2.196385059505701065e-03,-1.771329492330551147e-01,1.964806206524372101e-02
-1.625094912014901638e-03,-2.075170427560806274e-01,-1.392046641558408737e-02
-5.679943133145570755e-03,-2.320430129766464233e-01,-3.339401632547378540e-02
-1.044671703130006790e-02,-2.489426881074905396e-01,-4.049938172101974487e-02
-1.957264356315135956e-02,-2.638666331768035889e-01,-6.554847210645675659e-02
-2.786669880151748657e-02,-2.834228575229644775e-01,-8.384680747985839844e-02
-3.585648909211158752e-02,-3.033998906612396240e-01,-8.839292079210281372e-02
-4.295082017779350281e-02,-3.208106756210327148e-01,-1.107527837157249451e-01
-4.481334984302520752e-02,-3.365986943244934082e-01,-1.487305313348770142e-01
-4.628815501928329468e-02,-3.481506705284118652e-01,-2.000356614589691162e-01
-4.386557638645172119e-02,-3.622098267078399658e-01,-2.688462734222412109e-01
-8.420321159064769745e-03,-2.998611629009246826e-01,1.573088765144348145e-01
-2.023547701537609100e-02,-2.133120298385620117e-01,1.575177311897277832e-01
-1.542132440954446793e-02,-1.824124902486801147e-01,7.324908673763275146e-02
-7.410992868244647980e-03,-1.426470279693603516e-01,1.081295013427734375e-01
-9.278099169023334980e-04,-1.120440512895584106e-01,1.375298649072647095e-01
5.005571059882640839e-03,-7.946112751960754395e-02,1.645443141460418701e-01
9.953085333108901978e-03,-4.849610105156898499e-02,1.781830787658691406e-01
1.618534885346889496e-02,-2.171146869659423828e-02,1.884337067604064941e-01
1.790848188102245331e-02,3.884193953126668930e-03,1.712518334388732910e-01
2.062202803790569305e-02,3.337052091956138611e-02,1.685137748718261719e-01
2.508097328245639801e-02,5.503464117646217346e-02,1.588456481695175171e-01
2.108514308929443359e-02,7.517314702272415161e-02,1.192330196499824524e-01
1.568965613842010498e-02,9.902574121952056885e-02,7.288043200969696045e-02
1.129895076155662537e-02,1.127598583698272705e-01,6.129940971732139587e-02
9.267754852771759033e-03,1.241703554987907410e-01,2.219676412642002106e-02
5.705012474209070206e-03,1.416672766208648682e-01,-1.412081997841596603e-02
1.005979254841804504e-02,1.533670127391815186e-01,-8.927389979362487793e-03
1.552886888384819031e-02,1.695503294467926025e-01,-2.297217026352882385e-02
2.338808588683605194e-02,1.875637620687484741e-01,-1.210264675319194794e-02
3.282821923494338989e-02,2.117150425910949707e-01,-6.502567790448665619e-03
3.956729173660278320e-02,2.406848818063735962e-01,-9.179921820759773254e-03
4.384545236825942993e-02,2.687405943870544434e-01,-1.532687805593013763e-02
4.429024085402488708e-02,2.837524414062500000e-01,-4.269600659608840942e-02
4.387920722365379333e-02,3.100215792655944824e-01,-6.816739588975906372e-02
3.949801996350288391e-02,3.265050053596496582e-01,-1.118912845849990845e-01
3.250849246978759766e-02,3.394071161746978760e-01,-1.432755142450332642e-01
2.564604952931404114e-02,3.526097536087036133e-01,-1.760842651128768921e-01
1.871616765856742859e-02,3.595413863658905029e-01,-2.274511456489562988e-01
1.440893299877643585e-02,3.846711218357086182e-01,-2.737936079502105713e-01
8.597568608820438385e-03,4.056746959686279297e-01,-3.218448162078857422e-01
2.774268575012683868e-02,4.140615463256835938e-01,-4.761135578155517578e-01
6.573761254549026489e-02,3.480095565319061279e-01,5.866311863064765930e-02
7.051804661750793457e-02,2.691887915134429932e-01,8.707405626773834229e-02
6.940776109695434570e-02,2.311336249113082886e-01,1.105359643697738647e-01
7.868139445781707764e-02,1.807891577482223511e-01,1.715584844350814819e-01
8.522117137908935547e-02,1.354279816150665283e-01,1.833649128675460815e-01
8.822838962078094482e-02,1.057469248771667480e-01,1.955735832452774048e-01
9.083647280931472778e-02,8.007910847663879395e-02,2.131812721490859985e-01
8.801198005676269531e-02,6.336537748575210571e-02,1.635085493326187134e-01
8.384862542152404785e-02,5.670225247740745544e-02,1.429901868104934692e-01
7.390333712100982666e-02,4.804436489939689636e-02,9.007059037685394287e-02
6.316705793142318726e-02,3.459653630852699280e-02,4.920540377497673035e-02
4.847577586770057678e-02,1.913294568657875061e-02,1.329873967915773392e-02
3.654457256197929382e-02,9.609992615878582001e-03,-3.055646456778049469e-02
2.679983340203762054e-02,-2.862790366634726524e-03,-3.422462940216064453e-02
1.885184831917285919e-02,-2.203205414116382599e-02,-4.245766624808311462e-02
1.465054601430892944e-02,-3.384725376963615417e-02,-3.751442953944206238e-02
1.766655966639518738e-02,-4.690072312951087952e-02,-7.564911618828773499e-03
2.232825756072998047e-02,-7.105753570795059204e-02,6.442585494369268417e-03
2.659790590405464172e-02,-9.906498342752456665e-02,1.287866476923227310e-02
3.267795220017433167e-02,-1.219592541456222534e-01,2.802944555878639221e-02
3.943818807601928711e-02,-1.473560482263565063e-01,3.341610357165336609e-02
4.674875736236572266e-02,-1.695157736539840698e-01,3.808639571070671082e-02
4.855986312031745911e-02,-1.973460316658020020e-01,9.892202913761138916e-03
4.857262223958969116e-02,-2.140129208564758301e-01,1.050888822646811604e-04
4.367529600858688354e-02,-2.335998415946960449e-01,-5.819305777549743652e-03
3.248538449406623840e-02,-2.489113211631774902e-01,-3.736158832907676697e-02
2.167179435491561890e-02,-2.670218944549560547e-01,-7.445392012596130371e-02
1.499071344733238220e-02,-2.887126505374908447e-01,-9.192741662263870239e-02
4.467724356800317764e-03,-2.997196316719055176e-01,-9.900613129138946533e-02
-7.426102645695209503e-03,-3.119578957557678223e-01,-1.257003545761108398e-01
-1.164333708584308624e-02,-3.302560746669769287e-01,-1.345847547054290771e-01
-1.456170715391635895e-02,-3.399440944194793701e-01,-1.813896149396896362e-01
-1.186481583863496780e-02,-3.450887501239776611e-01,-2.370803803205490112e-01
1.293910387903451920e-02,-3.684880137443542480e-01,-3.942402005195617676e-01
2.664203010499477386e-02,-2.917548716068267822e-01,1.170637905597686768e-01
2.112509496510028839e-02,-2.081355303525924683e-01,1.068319529294967651e-01
2.687772177159786224e-02,-1.640106141567230225e-01,3.874200582504272461e-02
3.457596153020858765e-02,-1.350964009761810303e-01,6.667926907539367676e-02
4.848310723900794983e-02,-1.010042950510978699e-01,1.329596489667892456e-01
5.507117509841918945e-02,-6.515108048915863037e-02,1.481643915176391602e-01
6.192903220653533936e-02,-3.140722215175628662e-02,1.579031795263290405e-01
6.500463187694549561e-02,-5.618005059659481049e-03,1.754395812749862671e-01
6.597653776407241821e-02,3.160708025097846985e-02,1.802171915769577026e-01
6.332006305456161499e-02,7.756104320287704468e-02,1.522412896156311035e-01
6.095453351736068726e-02,9.781207144260406494e-02,1.403652429580688477e-01
5.446335300803184509e-02,1.051158979535102844e-01,1.101403087377548218e-01
4.527398571372032166e-02,1.234940662980079651e-01,6.083833053708076477e-02
4.135733842849731445e-02,1.476265788078308105e-01,4.639660194516181946e-02
3.996454179286956787e-02,1.725768893957138062e-01,2.090553194284439087e-02
4.031595587730407715e-02,1.816301792860031128e-01,1.332696713507175446e-02
4.472961276769638062e-02,1.948112994432449341e-01,1.054114289581775665e-02
4.778087139129638672e-02,2.052677273750305176e-01,-1.372235640883445740e-02
5.205927789211273193e-02,2.242577821016311646e-01,-3.020212426781654358e-02
6.209571287035942078e-02,2.425246536731719971e-01,-2.956202439963817596e-02
7.011961191892623901e-02,2.723797261714935303e-01,-3.883358463644981384e-02
7.110010087490081787e-02,2.949366867542266846e-01,-4.973321780562400818e-02
7.211390137672424316e-02,3.123831450939178467e-01,-7.804999500513076782e-02
6.764973700046539307e-02,3.248687684535980225e-01,-1.271371841430664062e-01
6.284124404191970825e-02,3.370144665241241455e-01,-1.705259978771209717e-01
5.704755708575248718e-02,3.424145281314849854e-01,-2.173155993223190308e-01
4.700009524822235107e-02,3.623715341091156006e-01,-2.725195288658142090e-01
4.188442230224609375e-02,3.855010569095611572e-01,-3.123047053813934326e-01
3.779010102152824402e-02,4.083285927772521973e-01,-3.698844909667968750e-01
6.112105771899223328e-02,3.584860563278198242e-01,-3.146713227033615112e-02
7.954017072916030884e-02,2.526069283485412598e-01,4.247320815920829773e-02
8.308758586645126343e-02,2.181460857391357422e-01,1.086107417941093445e-01
7.782039046287536621e-02,1.792187690734863281e-01,1.243292093276977539e-01
7.951418310403823853e-02,1.379642337560653687e-01,1.540043503046035767e-01
8.691852539777755737e-02,1.040226072072982788e-01,1.886824667453765869e-01
9.439923614263534546e-02,7.403404265642166138e-02,2.045143842697143555e-01
9.967438131570816040e-02,4.731892421841621399e-02,1.976161450147628784e-01
9.815888851881027222e-02,3.883063048124313354e-02,1.627341955900192261e-01
9.336094558238983154e-02,2.306577935814857483e-02,1.184276938438415527e-01
8.466330170631408691e-02,1.259818673133850098e-02,9.038174897432327271e-02
7.352818548679351807e-02,-9.633662994019687176e-04,4.453189298510551453e-02
6.026283651590347290e-02,-1.435970328748226166e-02,1.000909786671400070e-02
4.809631407260894775e-02,-3.142208978533744812e-02,-2.444735914468765259e-02
4.002580791711807251e-02,-4.957826435565948486e-02,-2.772312052547931671e-02
3.542974963784217834e-02,-6.447735428810119629e-02,-3.130863234400749207e-02
3.117561899125576019e-02,-7.319495081901550293e-02,-2.634585648775100708e-02
3.210243210196495056e-02,-1.000352874398231506e-01,-2.635621838271617889e-02
3.560592234134674072e-02,-1.284961849451065063e-01,-6.683848332613706589e-03
3.504780307412147522e-02,-1.548060476779937744e-01,6.325861439108848572e-03
3.671227768063545227e-02,-1.736308485269546509e-01,1.336652413010597229e-02
3.928873687982559204e-02,-2.007835358381271362e-01,3.113062120974063873e-03
4.364033415913581848e-02,-2.235574722290039062e-01,8.056393824517726898e-03
4.660744220018386841e-02,-2.420663535594940186e-01,8.284316398203372955e-03
4.667248576879501343e-02,-2.643972933292388916e-01,-7.806455716490745544e-03
4.482042416930198669e-02,-2.875993251800537109e-01,-2.009848877787590027e-02
4.145210981369018555e-02,-3.089211285114288330e-01,-4.308572784066200256e-02
3.438793122768402100e-02,-3.254002034664154053e-01,-6.937181949615478516e-02
2.631687931716442108e-02,-3.340365290641784668e-01,-9.409463405609130859e-02
2.252678014338016510e-02,-3.545827269554138184e-01,-1.131779327988624573e-01
1.625341176986694336e-02,-3.684662282466888428e-01,-1.565462648868560791e-01
1.178515702486038208e-02,-3.856619596481323242e-01,-1.971885710954666138e-01
1.266395393759012222e-02,-4.044222831726074219e-01,-2.131096869707107544e-01
2.720801718533039093e-02,-4.193775057792663574e-01,-3.206873536109924316e-01
4.153454303741455078e-02,-3.258104026317596436e-01,2.344674319028854370e-01
2.716060169041156769e-02,-2.501119673252105713e-01,1.786737591028213501e-01
2.769861556589603424e-02,-2.230139821767807007e-01,8.117403090000152588e-02
3.374848514795303345e-02,-1.863214820623397827e-01,1.113203093409538269e-01
4.068930074572563171e-02,-1.522740721702575684e-01,1.448255628347396851e-01
4.722595587372779846e-02,-1.286942511796951294e-01,1.676705330610275269e-01
5.536196008324623108e-02,-9.336381405591964722e-02,1.916555017232894897e-01
5.521023645997047424e-02,-6.134700775146484375e-02,1.663755327463150024e-01
5.563437938690185547e-02,-3.336049616336822510e-02,1.445542722940444946e-01
5.620428174734115601e-02,-1.517541386419907212e-04,1.547831892967224121e-01
5.772169306874275208e-02,2.376235648989677429e-02,1.352723687887191772e-01
5.386447161436080933e-02,3.689088672399520874e-02,8.174557983875274658e-02
4.563543573021888733e-02,5.085075274109840393e-02,4.808038100600242615e-02
4.195084050297737122e-02,6.565619260072708130e-02,3.192325681447982788e-02
3.670070692896842957e-02,8.830478787422180176e-02,1.067195832729339600e-02
3.269216790795326233e-02,1.040047705173492432e-01,-1.251746062189340591e-02
3.296513110399246216e-02,1.134137958288192749e-01,-1.043799240142107010e-02
3.904103860259056091e-02,1.334640979766845703e-01,8.867548312991857529e-04
4.512452334165573120e-02,1.550894975662231445e-01,4.554165992885828018e-03
5.439656972885131836e-02,1.839494556188583374e-01,2.186140045523643494e-02
6.113232672214508057e-02,2.105038762092590332e-01,2.548989281058311462e-02
6.444963067770004272e-02,2.356517612934112549e-01,8.390361443161964417e-03
6.270067393779754639e-02,2.549388110637664795e-01,-3.100030124187469482e-02
5.953379720449447632e-02,2.752718627452850342e-01,-5.668149888515472412e-02
5.684893950819969177e-02,2.911522686481475830e-01,-8.473009616136550903e-02
5.295342579483985901e-02,3.070878684520721436e-01,-1.251219660043716431e-01
4.846535623073577881e-02,3.213604092597961426e-01,-1.542120426893234253e-01
4.296438395977020264e-02,3.274883627891540527e-01,-2.017344981431961060e-01
3.576310351490974426e-02,3.483020067214965820e-01,-2.561334967613220215e-01
2.871271222829818726e-02,3.665225505828857422e-01,-3.303025066852569580e-01
2.730434946715831757e-02,3.817575275897979736e-01,-3.916473686695098877e-01
6.024325639009475708e-02,3.392163813114166260e-01,-2.516072615981101990e-02
7.327383011579513550e-02,2.321733981370925903e-01,-8.055794984102249146e-03
7.415703684091567993e-02,1.968531459569931030e-01,5.106947198510169983e-02
7.808398455381393433e-02,1.398518532514572144e-01,1.031695455312728882e-01
8.208850026130676270e-02,1.012683361768722534e-01,1.416703015565872192e-01
9.078075736761093140e-02,7.623814791440963745e-02,1.934518069028854370e-01
1.000845208764076233e-01,4.705332964658737183e-02,2.149682343006134033e-01
1.016955077648162842e-01,2.546147443354129791e-02,1.885826438665390015e-01
1.038035973906517029e-01,1.480145007371902466e-02,1.660909652709960938e-01
9.759250283241271973e-02,8.056942373514175415e-03,1.222197860479354858e-01
8.667498081922531128e-02,-4.587436560541391373e-03,6.655732542276382446e-02
7.568538933992385864e-02,-1.374362595379352570e-02,4.655661433935165405e-02
6.180681288242340088e-02,-2.957912720739841461e-02,-1.144789624959230423e-03
5.245589092373847961e-02,-5.165182426571846008e-02,-3.217375278472900391e-02
3.925755620002746582e-02,-6.703299283981323242e-02,-5.026257410645484924e-02
2.988507039844989777e-02,-7.972281426191329956e-02,-4.251116514205932617e-02
2.241559326648712158e-02,-9.806104749441146851e-02,-3.583270683884620667e-02
1.914374716579914093e-02,-1.173162907361984253e-01,-1.929206587374210358e-02
1.757973432540893555e-02,-1.444749236106872559e-01,-3.055702522397041321e-02
2.081057801842689514e-02,-1.714438050985336304e-01,-2.438669279217720032e-02
2.965750917792320251e-02,-1.882867962121963501e-01,3.297970397397875786e-03
4.014487937092781067e-02,-2.146374136209487915e-01,5.404768511652946472e-03
5.009623989462852478e-02,-2.365494370460510254e-01,2.771291881799697876e-02
5.381198972463607788e-02,-2.631048262119293213e-01,1.571896672248840332e-02
5.431627854704856873e-02,-2.893702387809753418e-01,-5.040992400608956814e-04
4.829224944114685059e-02,-3.104210495948791504e-01,-3.367987275123596191e-02
3.938789665699005127e-02,-3.316803574562072754e-01,-6.407536566257476807e-02
2.902731113135814667e-02,-3.482266962528228760e-01,-8.860306441783905029e-02
2.087174728512763977e-02,-3.620705604553222656e-01,-9.436848014593124390e-02
1.224187016487121582e-02,-3.720127344131469727e-01,-1.260173469781875610e-01
1.020775269716978073e-02,-3.873248398303985596e-01,-1.482368260622024536e-01
1.085677836090326309e-02,-4.046168923377990723e-01,-2.047592699527740479e-01
1.419425755739212036e-02,-4.165066480636596680e-01,-2.701162099838256836e-01
4.296734184026718140e-02,-3.761129379272460938e-01,4.833141341805458069e-02
3.358910232782363892e-02,-2.801930606365203857e-01,1.302649676799774170e-01
4.717006161808967590e-02,-2.470476180315017700e-01,1.061219424009323120e-01
5.496293678879737854e-02,-2.119011729955673218e-01,1.398266404867172241e-01
6.229734048247337341e-02,-1.725215017795562744e-01,1.666274219751358032e-01
6.938846409320831299e-02,-1.442484855651855469e-01,1.927643418312072754e-01
7.225383073091506958e-02,-1.128089278936386108e-01,2.161790132522583008e-01
7.638218253850936890e-02,-7.548478245735168457e-02,2.205998301506042480e-01
7.001214474439620972e-02,-3.900306299328804016e-02,1.855181902647018433e-01
6.602092087268829346e-02,-1.242402289062738419e-02,1.808488070964813232e-01
6.076262891292572021e-02,9.481352753937244415e-03,1.629271656274795532e-01
4.878899455070495605e-02,1.734369248151779175e-02,1.003200337290763855e-01
3.741256520152091980e-02,3.225785866379737854e-02,6.810198724269866943e-02
2.509001828730106354e-02,4.695391654968261719e-02,4.117760434746742249e-02
2.010759525001049042e-02,6.347107142210006714e-02,1.277444139122962952e-02
1.760362461209297180e-02,7.487007975578308105e-02,-6.404670421034097672e-03
2.600575424730777740e-02,8.823297917842864990e-02,-4.381926730275154114e-03
3.454986959695816040e-02,1.000956818461418152e-01,-4.706302192062139511e-03
4.610838741064071655e-02,1.158528327941894531e-01,1.708658412098884583e-03
5.802121013402938843e-02,1.401722282171249390e-01,8.468194864690303802e-03
7.108674198389053345e-02,1.697684526443481445e-01,3.551384806632995605e-02
7.536161690950393677e-02,1.944005191326141357e-01,2.480050921440124512e-02
7.529557496309280396e-02,2.117281407117843628e-01,1.271667890250682831e-03
7.114563882350921631e-02,2.317840754985809326e-01,-3.460312634706497192e-02
6.501274555921554565e-02,2.492385506629943848e-01,-7.957182824611663818e-02
4.822522029280662537e-02,2.623583674430847168e-01,-1.442733258008956909e-01
3.699009865522384644e-02,2.769433557987213135e-01,-1.884385496377944946e-01
2.217022143304347992e-02,2.809736430644989014e-01,-2.352322638034820557e-01
1.364948507398366928e-02,3.023705780506134033e-01,-2.815148532390594482e-01
1.699913106858730316e-02,3.182663321495056152e-01,-3.301195800304412842e-01
1.490376517176628113e-02,3.372454643249511719e-01,-3.977859616279602051e-01
7.370032370090484619e-02,3.209603428840637207e-01,-2.427575290203094482e-01
8.896204084157943726e-02,2.392994910478591919e-01,1.447901129722595215e-02
9.285569190979003906e-02,1.868734657764434814e-01,5.515176802873611450e-02
1.021269112825393677e-01,1.343649029731750488e-01,1.353152990341186523e-01
1.128353923559188843e-01,7.962434738874435425e-02,1.909623444080352783e-01
1.198950558900833130e-01,4.092167317867279053e-02,2.087547928094863892e-01
1.242206022143363953e-01,1.208096370100975037e-02,1.995346695184707642e-01
1.296718418598175049e-01,-7.435071747750043869e-03,1.929730921983718872e-01
1.296389549970626831e-01,-1.447760034352540970e-02,1.742474734783172607e-01
1.249582394957542419e-01,-2.657041139900684357e-02,1.373354196548461914e-01
1.123352497816085815e-01,-3.757621720433235168e-02,9.462863951921463013e-02
9.336323291063308716e-02,-5.201275646686553955e-02,4.075339064002037048e-02
7.793815433979034424e-02,-6.573805212974548340e-02,7.678846362978219986e-03
6.358201801776885986e-02,-8.310833573341369629e-02,-3.224687278270721436e-02
5.355475842952728271e-02,-1.004935130476951599e-01,-6.463905423879623413e-02
4.308875650167465210e-02,-1.110961884260177612e-01,-8.692406117916107178e-02
3.443438559770584106e-02,-1.220320984721183777e-01,-7.246259599924087524e-02
3.466830775141716003e-02,-1.472128033638000488e-01,-3.919208049774169922e-02
3.386998176574707031e-02,-1.728800684213638306e-01,-4.802896827459335327e-02
3.791962191462516785e-02,-2.018547654151916504e-01,-2.926143445074558258e-02
4.652623832225799561e-02,-2.346652895212173462e-01,-5.523173604160547256e-04
5.199841037392616272e-02,-2.572650909423828125e-01,2.935436787083745003e-03
5.783127248287200928e-02,-2.798203229904174805e-01,9.615790098905563354e-03
6.234778091311454773e-02,-3.124729990959167480e-01,-1.968326047062873840e-03
6.202613189816474915e-02,-3.315680623054504395e-01,-8.235421031713485718e-03
5.723576992750167847e-02,-3.481318950653076172e-01,-3.580218181014060974e-02
5.036220327019691467e-02,-3.686571121215820312e-01,-7.662761956453323364e-02
3.953093662858009338e-02,-3.874104022979736328e-01,-1.122717782855033875e-01
3.122748248279094696e-02,-4.035790860652923584e-01,-1.336174011230468750e-01
2.089014463126659393e-02,-4.167203605175018311e-01,-1.646112054586410522e-01
1.538087148219347000e-02,-4.305238127708435059e-01,-1.920247972011566162e-01
1.084918249398469925e-02,-4.407464265823364258e-01,-2.400387525558471680e-01
1.432969328016042709e-02,-4.538064897060394287e-01,-2.924276590347290039e-01
4.125235602259635925e-02,-3.844558894634246826e-01,1.971307247877120972e-01
2.506682276725769043e-02,-2.929644286632537842e-01,1.440131813287734985e-01
3.567432239651679993e-02,-2.741717398166656494e-01,1.007191538810729980e-01
4.471564292907714844e-02,-2.307916730642318726e-01,1.418791860342025757e-01
5.412071198225021362e-02,-1.890962123870849609e-01,1.752315163612365723e-01
6.262298673391342163e-02,-1.600651293992996216e-01,2.015483975410461426e-01
6.925050169229507446e-02,-1.188276484608650208e-01,2.113559544086456299e-01
7.203346490859985352e-02,-9.014982730150222778e-02,1.963777244091033936e-01
6.801565736532211304e-02,-7.013256102800369263e-02,1.743993908166885376e-01
6.426748633384704590e-02,-3.107633441686630249e-02,1.686266362667083740e-01
5.916221812367439270e-02,-1.372262276709079742e-02,1.327819526195526123e-01
4.973606765270233154e-02,-4.924366250634193420e-03,9.306549280881881714e-02
3.822035342454910278e-02,2.742390846833586693e-03,5.064221471548080444e-02
3.028488904237747192e-02,2.689152583479881287e-02,3.226292878389358521e-02
2.857167460024356842e-02,4.428541287779808044e-02,5.079792346805334091e-03
2.886488288640975952e-02,5.542796850204467773e-02,-9.817157872021198273e-03
3.362927585840225220e-02,7.067745178937911987e-02,-4.165100399404764175e-03
3.822547569870948792e-02,8.403944969177246094e-02,4.475435242056846619e-03
4.360543191432952881e-02,1.065745279192924500e-01,6.766016129404306412e-03
5.080700665712356567e-02,1.349646896123886108e-01,1.394558418542146683e-02
5.763136222958564758e-02,1.628056019544601440e-01,2.584108524024486542e-02
6.406173110008239746e-02,1.916487216949462891e-01,3.586888313293457031e-02
6.491384655237197876e-02,2.171091437339782715e-01,8.966533467173576355e-03
6.335917115211486816e-02,2.342907637357711792e-01,-1.489995792508125305e-02
5.568079277873039246e-02,2.518060505390167236e-01,-6.778874993324279785e-02
4.551226645708084106e-02,2.646935284137725830e-01,-1.145506575703620911e-01
3.536616638302803040e-02,2.818564176559448242e-01,-1.551507115364074707e-01
2.484122663736343384e-02,2.906063795089721680e-01,-2.090713083744049072e-01
1.616286672651767731e-02,3.023669123649597168e-01,-2.601721584796905518e-01
7.129673846065998077e-03,3.160503506660461426e-01,-3.039433658123016357e-01
7.507887203246355057e-03,3.300393819808959961e-01,-3.646911382675170898e-01
3.965352103114128113e-02,3.455351293087005615e-01,-3.909961879253387451e-01
5.780801177024841309e-02,2.605791687965393066e-01,-2.440042048692703247e-02
6.714442372322082520e-02,1.890191286802291870e-01,3.331627696752548218e-02
7.371665537357330322e-02,1.458699107170104980e-01,9.671179205179214478e-02
8.430808782577514648e-02,9.845132380723953247e-02,1.538216322660446167e-01
9.581509232521057129e-02,6.127823144197463989e-02,1.998393386602401733e-01
1.032920330762863159e-01,3.226918354630470276e-02,2.110121846199035645e-01
1.091164276003837585e-01,1.007277145981788635e-02,2.046573162078857422e-01
1.112527623772621155e-01,9.558908641338348389e-04,1.881004273891448975e-01
1.074519231915473938e-01,-1.176382880657911301e-02,1.520140469074249268e-01
9.515736252069473267e-02,-2.739534527063369751e-02,1.026567816734313965e-01
7.942265272140502930e-02,-4.186469689011573792e-02,5.999147519469261169e-02
6.305681914091110229e-02,-5.321583524346351624e-02,2.560653537511825562e-02
5.090487003326416016e-02,-7.009285688400268555e-02,2.880749292671680450e-03
3.767604008316993713e-02,-8.037312328815460205e-02,-4.412040859460830688e-02
2.613322623074054718e-02,-9.630551934242248535e-02,-7.516160607337951660e-02
1.767367869615554810e-02,-1.102005988359451294e-01,-5.784161016345024109e-02
1.501034013926982880e-02,-1.263328343629837036e-01,-4.244225099682807922e-02
1.548480428755283356e-02,-1.495707482099533081e-01,-3.219508007168769836e-02
1.997405290603637695e-02,-1.789259612560272217e-01,4.762631841003894806e-03
2.597074955701828003e-02,-2.065823078155517578e-01,2.844650484621524811e-02
3.187863156199455261e-02,-2.357280850410461426e-01,3.458343818783760071e-02
3.461154922842979431e-02,-2.653860151767730713e-01,2.013771608471870422e-02
3.356288373470306396e-02,-2.902484536170959473e-01,1.734720892272889614e-03
3.086475841701030731e-02,-3.067346215248107910e-01,-2.431362634524703026e-03
2.217118442058563232e-02,-3.307323157787322998e-01,-3.787854686379432678e-02
1.434045936912298203e-02,-3.449269533157348633e-01,-6.607648730278015137e-02
1.824466162361204624e-03,-3.605594038963317871e-01,-1.001052409410476685e-01
-7.245542481541633606e-03,-3.699744343757629395e-01,-1.077861338853836060e-01
-1.682429201900959015e-02,-3.850275576114654541e-01,-1.491394490003585815e-01
-2.225751057267189026e-02,-3.971933722496032715e-01,-1.779077649116516113e-01
-2.224459685385227203e-02,-3.958632647991180420e-01,-2.079861313104629517e-01
-1.917513273656368256e-02,-4.033812880516052246e-01,-2.854773700237274170e-01
-3.892395645380020142e-03,-3.841947913169860840e-01,-2.049787640571594238e-01
1.562870107591152191e-02,-3.132961094379425049e-01,1.577717661857604980e-01
3.022246249020099640e-02,-2.565260529518127441e-01,3.214224427938461304e-02
4.629458859562873840e-02,-2.114485949277877808e-01,1.200999021530151367e-01
5.775634199380874634e-02,-1.762082874774932861e-01,1.557037234306335449e-01
7.142531126737594604e-02,-1.367878019809722900e-01,2.165185362100601196e-01
8.111444860696792603e-02,-9.560601413249969482e-02,2.357921451330184937e-01
8.992589265108108521e-02,-5.763712897896766663e-02,2.541735172271728516e-01
8.618901669979095459e-02,-1.809666492044925690e-02,2.229379862546920776e-01
7.919517904520034790e-02,1.765215396881103516e-02,2.009409815073013306e-01
6.807290762662887573e-02,4.029314965009689331e-02,1.620256900787353516e-01
5.023669451475143433e-02,4.461537674069404602e-02,1.154178678989410400e-01
2.946204319596290588e-02,5.366682261228561401e-02,6.028034910559654236e-02
1.669994927942752838e-02,5.545352399349212646e-02,1.340357400476932526e-02
1.445203553885221481e-02,6.814184039831161499e-02,-7.000699639320373535e-03
1.755580864846706390e-02,9.158363938331604004e-02,-2.421901561319828033e-03
2.320143021643161774e-02,1.075999066233634949e-01,-8.423748658969998360e-04
2.764191851019859314e-02,1.214983984827995300e-01,-1.080808695405721664e-02
3.467028215527534485e-02,1.416596323251724243e-01,-9.940898045897483826e-03
4.529206827282905579e-02,1.674353480339050293e-01,1.450062356889247894e-02
5.208961293101310730e-02,1.908001750707626343e-01,3.423800808377563953e-04
5.733589455485343933e-02,2.164585292339324951e-01,-1.348948944360017776e-02
6.047927960753440857e-02,2.411316186189651489e-01,-3.162711858749389648e-02
6.095952540636062622e-02,2.629805505275726318e-01,-5.607820302248001099e-02
5.865187570452690125e-02,2.814542949199676514e-01,-8.868519961833953857e-02
5.273015424609184265e-02,2.960735559463500977e-01,-1.367465406656265259e-01
4.250408709049224854e-02,3.154176175594329834e-01,-1.744671016931533813e-01
3.188741952180862427e-02,3.261665105819702148e-01,-2.158085554838180542e-01
1.976106502115726471e-02,3.397040963172912598e-01,-2.787420749664306641e-01
1.523344963788986206e-02,3.558929264545440674e-01,-3.305520117282867432e-01
1.779268123209476471e-02,3.659451603889465332e-01,-4.108319878578186035e-01
4.716917872428894043e-02,3.232957720756530762e-01,-1.726036518812179565e-02
6.959626823663711548e-02,2.232840955257415771e-01,2.717842161655426025e-02
6.792362779378890991e-02,1.973883211612701416e-01,9.382649511098861694e-02
7.462805509567260742e-02,1.330205798149108887e-01,1.395263075828552246e-01
7.837273180484771729e-02,1.026227176189422607e-01,1.655023247003555298e-01
8.602928370237350464e-02,7.595610618591308594e-02,1.939317733049392700e-01
9.024751931428909302e-02,5.068881809711456299e-02,1.865317821502685547e-01
9.313208609819412231e-02,3.750551119446754456e-02,1.781523972749710083e-01
9.282921999692916870e-02,2.202893421053886414e-02,1.425591111183166504e-01
8.742222934961318970e-02,1.035457663238048553e-02,1.176246926188468933e-01
7.734566926956176758e-02,-2.144693164154887199e-03,8.442169427871704102e-02
6.143450364470481873e-02,-1.273244526237249374e-02,3.789997473359107971e-02
4.562284797430038452e-02,-2.842771075665950775e-02,-6.317418534308671951e-03
3.639853373169898987e-02,-4.864888638257980347e-02,-3.609503805637359619e-02
2.198473550379276276e-02,-7.054340094327926636e-02,-5.318481475114822388e-02
1.711903885006904602e-02,-7.457195967435836792e-02,-2.641748450696468353e-02
1.548761874437332153e-02,-1.003553271293640137e-01,-2.901187911629676819e-02
1.623102277517318726e-02,-1.201450675725936890e-01,-1.344255730509757996e-02
1.766493171453475952e-02,-1.386802196502685547e-01,3.869126318022608757e-03
2.144935354590415955e-02,-1.679955422878265381e-01,1.171068754047155380e-02
2.966419048607349396e-02,-2.021975964307785034e-01,2.641515433788299561e-02
3.436309471726417542e-02,-2.291898429393768311e-01,2.373840473592281342e-02
3.897262364625930786e-02,-2.497975677251815796e-01,1.788905262947082520e-02
3.993247449398040771e-02,-2.707732021808624268e-01,-6.598611362278461456e-03
3.986755758523941040e-02,-2.867102921009063721e-01,-2.061979845166206360e-02
3.820637986063957214e-02,-3.069432079792022705e-01,-3.965499997138977051e-02
2.988189831376075745e-02,-3.204481005668640137e-01,-7.963750511407852173e-02
2.045369893312454224e-02,-3.402165174484252930e-01,-1.073251888155937195e-01
1.136782020330429077e-02,-3.571853041648864746e-01,-1.395573616027832031e-01
8.710110560059547424e-03,-3.660044968128204346e-01,-1.625345051288604736e-01
8.051607757806777954e-03,-3.858757317066192627e-01,-2.040206640958786011e-01
4.292501136660575867e-03,-3.859659135341644287e-01,-2.549184560775756836e-01
3.820999292656779289e-03,-3.964910507202148438e-01,-3.254742622375488281e-01
1.662014797329902649e-02,-3.398663103580474854e-01,1.539993584156036377e-01
-5.256684031337499619e-03,-2.712347507476806641e-01,1.115322336554527283e-01
-6.316370796412229538e-03,-2.334849685430526733e-01,1.264902353286743164e-01
7.128074765205383301e-03,-2.009699344635009766e-01,9.069849550724029541e-02
2.328160963952541351e-02,-1.727488934993743896e-01,1.519820988178253174e-01
3.896611556410789490e-02,-1.353034526109695435e-01,1.954755932092666626e-01
5.429521203041076660e-02,-9.848435968160629272e-02,2.142397314310073853e-01
5.381017923355102539e-02,-7.191534340381622314e-02,1.769820302724838257e-01
5.981829017400741577e-02,-4.504159837961196899e-02,1.904885768890380859e-01
6.026716902852058411e-02,-1.450943853706121445e-02,1.812358200550079346e-01
5.522713065147399902e-02,1.539383456110954285e-02,1.484110206365585327e-01
4.441873729228973389e-02,2.233961969614028931e-02,8.578650653362274170e-02
2.920990623533725739e-02,3.599605336785316467e-02,3.647678345441818237e-02
1.927079632878303528e-02,5.272093787789344788e-02,9.820946492254734039e-03
1.694802753627300262e-02,8.084326237440109253e-02,9.288285858929157257e-03
1.627906598150730133e-02,1.052385717630386353e-01,2.203431213274598122e-03
1.775984838604927063e-02,1.219414994120597839e-01,-1.305223163217306137e-02
2.473944611847400665e-02,1.347142308950424194e-01,-1.024392992258071899e-02
2.982384152710437775e-02,1.466344594955444336e-01,-7.713858212810009718e-05
3.711412847042083740e-02,1.769633889198303223e-01,1.156188920140266418e-02
